{
    "quantitative_metrics": {
        "test_loss": 1.7451647520065308,
        "perplexity": 5.726844906892559,
        "average_bleu_score": 0.04186286110429765
    }
}